"STATION","NAME","LATITUDE","LONGITUDE","ELEVATION","DATE","PRCP","PRCP_ATTRIBUTES","SNWD","SNWD_ATTRIBUTES","TAVG","TAVG_ATTRIBUTES","TMAX","TMAX_ATTRIBUTES","TMIN","TMIN_ATTRIBUTES"
"RSM00027612","MOSCOW, RS","55.8331","37.6167","156.0","2019-01-01","0.0",",,E","239.0",",,S","-3.5","H,,S","-1.8",",,E","-4.8",",,E"
"RSM00027612","MOSCOW, RS","55.8331","37.6167","156.0","2019-01-02","6.0",",,E","239.0",",,S","-2.7","H,,S","-1.7",",,E","-3.0",",,E"
"RSM00027612","MOSCOW, RS","55.8331","37.6167","156.0","2019-01-03","4.2",",,E","279.0",",,S","-2.4","H,,S","-1.4",",,E","-3.1",",,E"
"RSM00027612","MOSCOW, RS","55.8331","37.6167","156.0","2019-01-04","5.7",",,E","381.0",",,S","-4.2","H,,S","-3.1",",,E","-5.1",",,E"
"RSM00027612","MOSCOW, RS","55.8331","37.6167","156.0","2019-01-05","0.6",",,E","381.0",",,S","-5.6","H,,S","-4.2",",,E","-6.5",",,E"
"RSM00027612","MOSCOW, RS","55.8331","37.6167","156.0","2019-01-06","0.6",",,E","381.0",",,S","-8.2","H,,S","-6.5",",,E","-10.1",",,E"
"RSM00027612","MOSCOW, RS","55.8331","37.6167","156.0","2019-01-07","0.4",",,E","381.0",",,S","-10.8","H,,S","-9.9",",,E","-12.9",",,E"
"RSM00027612","MOSCOW, RS","55.8331","37.6167","156.0","2019-01-08","0.8",",,E","371.0",",,S","-8.6","H,,S","-7.4",",,E","-10.6",",,E"
"RSM00027612","MOSCOW, RS","55.8331","37.6167","156.0","2019-01-09","0.0",",,E","361.0",",,S","-10.5","H,,S","-6.9",",,E","-13.1",",,E"
"RSM00027612","MOSCOW, RS","55.8331","37.6167","156.0","2019-01-10","0.3",",,E","351.0",",,S","-7.8","H,,S","-5.9",",,E","-14.0",",,E"
"RSM00027612","MOSCOW, RS","55.8331","37.6167","156.0","2019-01-11","0.4",",,E","340.0",",,S","-9.2","H,,S","-6.8",",,E","-10.8",",,E"
"RSM00027612","MOSCOW, RS","55.8331","37.6167","156.0","2019-01-12","2.6",",,E","330.0",",,S","-9.3","H,,S","-8.9",",,E","-10.9",",,E"
"RSM00027612","MOSCOW, RS","55.8331","37.6167","156.0","2019-01-13","1.1",",,E","351.0",",,S","-5.1","H,,S","-2.6",",,E","-9.9",",,E"
"RSM00027612","MOSCOW, RS","55.8331","37.6167","156.0","2019-01-14","3.0",",,E","361.0",",,S","-2.1","H,,S","-1.2",",,E","-2.9",",,E"
"RSM00027612","MOSCOW, RS","55.8331","37.6167","156.0","2019-01-15","2.4",",,E","371.0",",,S","-1.8","H,,S","0.3",",,E","-3.0",",,E"
"RSM00027612","MOSCOW, RS","55.8331","37.6167","156.0","2019-01-16","0.0",",,E","340.0",",,S","-5.9","H,,S","-3.0",",,E","-8.2",",,E"
"RSM00027612","MOSCOW, RS","55.8331","37.6167","156.0","2019-01-17","4.3",",,E","330.0",",,S","-3.3","H,,S","-1.9",",,E","-6.2",",,E"
"RSM00027612","MOSCOW, RS","55.8331","37.6167","156.0","2019-01-18","3.5",",,E","351.0",",,S","1.7","H,,S","2.8",",,E","-1.9",",,E"
"RSM00027612","MOSCOW, RS","55.8331","37.6167","156.0","2019-01-19","2.0",",,E","330.0",",,S","-5.6","H,,S","1.6",",,E","-6.8",",,E"
"RSM00027612","MOSCOW, RS","55.8331","37.6167","156.0","2019-01-20","0.5",",,E","330.0",",,S","-4.2","H,,S","-3.0",",,E","-8.8",",,E"
"RSM00027612","MOSCOW, RS","55.8331","37.6167","156.0","2019-01-21","0.9",",,E","340.0",",,S","-7.9","H,,S","-3.9",",,E","-10.9",",,E"
"RSM00027612","MOSCOW, RS","55.8331","37.6167","156.0","2019-01-22","0.0",",,E","340.0",",,S","-14.6","H,,S","-10.9",",,E","-15.7",",,E"
"RSM00027612","MOSCOW, RS","55.8331","37.6167","156.0","2019-01-23","0.0",",,E","320.0",",,S","-14.3","H,,S","-10.9",",,E","-19.8",",,E"
"RSM00027612","MOSCOW, RS","55.8331","37.6167","156.0","2019-01-24","0.0",",,E","320.0",",,S","-13.0","H,,S","-10.1",",,E","-18.0",",,E"
"RSM00027612","MOSCOW, RS","55.8331","37.6167","156.0","2019-01-25","0.2",",,E","310.0",",,S","-13.1","H,,S","-10.3",",,E","-16.8",",,E"
"RSM00027612","MOSCOW, RS","55.8331","37.6167","156.0","2019-01-26","10.3",",,E","310.0",",,S","-10.8","H,,S","-9.6",",,E","-14.0",",,E"
"RSM00027612","MOSCOW, RS","55.8331","37.6167","156.0","2019-01-27","9.9",",,E","439.0",",,S","-8.3","H,,S","-7.4",",,E","-9.6",",,E"
"RSM00027612","MOSCOW, RS","55.8331","37.6167","156.0","2019-01-28","0.7",",,E","490.0",",,S","-8.2","H,,S","-6.6",",,E","-13.3",",,E"
"RSM00027612","MOSCOW, RS","55.8331","37.6167","156.0","2019-01-29","0.1",",,E","480.0",",,S","-3.4","H,,S","-1.5",",,E","-6.6",",,E"
"RSM00027612","MOSCOW, RS","55.8331","37.6167","156.0","2019-01-30","1.6",",,E","480.0",",,S","-2.7","H,,S","-1.5",",,E","-4.1",",,E"
"RSM00027612","MOSCOW, RS","55.8331","37.6167","156.0","2019-01-31","5.2",",,E","450.0",",,S","0.3","H,,S","1.7",",,E","-2.5",",,E"
"RSM00027612","MOSCOW, RS","55.8331","37.6167","156.0","2019-02-01","0.0",",,E","409.0",",,S","-2.8","H,,S","0.1",",,E","-4.0",",,E"
"RSM00027612","MOSCOW, RS","55.8331","37.6167","156.0","2019-02-02","1.2",",,E","409.0",",,S","-3.9","H,,S","-3.2",",,E","-4.5",",,E"
"RSM00027612","MOSCOW, RS","55.8331","37.6167","156.0","2019-02-03","1.1",",,E","419.0",",,S","-1.3","H,,S","1.2",",,E","-4.0",",,E"
"RSM00027612","MOSCOW, RS","55.8331","37.6167","156.0","2019-02-04","0.0",",,E","399.0",",,S","2.2","H,,S","2.8",",,E","1.1",",,E"
"RSM00027612","MOSCOW, RS","55.8331","37.6167","156.0","2019-02-05","0.7",",,E","351.0",",,S","-0.8","H,,S","2.8",",,E","-5.2",",,E"
"RSM00027612","MOSCOW, RS","55.8331","37.6167","156.0","2019-02-06","0.0",",,E","330.0",",,S","-1.5","H,,S","-0.5",",,E","-2.4",",,E"
"RSM00027612","MOSCOW, RS","55.8331","37.6167","156.0","2019-02-07","0.0",",,E","330.0",",,S","-2.1","H,,S","-1.1",",,E","-2.7",",,E"
"RSM00027612","MOSCOW, RS","55.8331","37.6167","156.0","2019-02-08","0.0",",,E","330.0",",,S","-0.5","H,,S","2.1",",,E","-3.1",",,E"
"RSM00027612","MOSCOW, RS","55.8331","37.6167","156.0","2019-02-09","0.2",",,E","310.0",",,S","-1.7","H,,S","0.7",",,E","-2.9",",,E"
"RSM00027612","MOSCOW, RS","55.8331","37.6167","156.0","2019-02-10","0.0",",,E","310.0",",,S","-3.8","H,,S","-1.1",",,E","-5.0",",,E"
"RSM00027612","MOSCOW, RS","55.8331","37.6167","156.0","2019-02-11","0.2",",,E","310.0",",,S","-1.6","H,,S","-0.2",",,E","-4.4",",,E"
"RSM00027612","MOSCOW, RS","55.8331","37.6167","156.0","2019-02-12","1.5",",,E","300.0",",,S","0.5","H,,S","2.0",",,E","-0.8",",,E"
"RSM00027612","MOSCOW, RS","55.8331","37.6167","156.0","2019-02-13","13.6",",,E","361.0",",,S","-1.6","H,,S","1.4",",,E","-3.2",",,E"
"RSM00027612","MOSCOW, RS","55.8331","37.6167","156.0","2019-02-14","0.0",",,E","381.0",",,S","-3.2","H,,S","-0.2",",,E","-8.1",",,E"
"RSM00027612","MOSCOW, RS","55.8331","37.6167","156.0","2019-02-15","0.0",",,E","371.0",",,S","1.3","H,,S","3.0",",,E","-1.8",",,E"
"RSM00027612","MOSCOW, RS","55.8331","37.6167","156.0","2019-02-16","0.0",",,E","351.0",",,S","2.1","H,,S","4.2",",,E","1.2",",,E"
"RSM00027612","MOSCOW, RS","55.8331","37.6167","156.0","2019-02-17","0.1",",,E","330.0",",,S","1.8","H,,S","5.3",",,E","-0.2",",,E"
"RSM00027612","MOSCOW, RS","55.8331","37.6167","156.0","2019-02-18","0.0",",,E","300.0",",,S","-2.7","H,,S","0.3",",,E","-4.2",",,E"
"RSM00027612","MOSCOW, RS","55.8331","37.6167","156.0","2019-02-19","0.0",",,E","290.0",",,S","-2.6","H,,S","2.5",",,E","-10.3",",,E"
"RSM00027612","MOSCOW, RS","55.8331","37.6167","156.0","2019-02-20","0.3",",,E","290.0",",,S","1.3","H,,S","3.5",",,E","-1.6",",,E"
"RSM00027612","MOSCOW, RS","55.8331","37.6167","156.0","2019-02-21","4.0",",,E","300.0",",,S","-3.1","H,,S","2.3",",,E","-7.0",",,E"
"RSM00027612","MOSCOW, RS","55.8331","37.6167","156.0","2019-02-22","1.8",",,E","290.0",",,S","-8.5","H,,S","-7.0",",,E","-9.9",",,E"
"RSM00027612","MOSCOW, RS","55.8331","37.6167","156.0","2019-02-23","0.8",",,E","269.0",",,S","-7.1","H,,S","-3.9",",,E","-11.6",",,E"
"RSM00027612","MOSCOW, RS","55.8331","37.6167","156.0","2019-02-24","2.4",",,E","300.0",",,S","-1.6","H,,S","0.8",",,E","-6.1",",,E"
"RSM00027612","MOSCOW, RS","55.8331","37.6167","156.0","2019-02-25","2.3",",,E","300.0",",,S","1.4","H,,S","3.0",",,E","0.3",",,E"
"RSM00027612","MOSCOW, RS","55.8331","37.6167","156.0","2019-02-26","2.8",",,E","279.0",",,S","1.1","H,,S","2.1",",,E","0.7",",,E"
"RSM00027612","MOSCOW, RS","55.8331","37.6167","156.0","2019-02-27","0.0",",,E","259.0",",,S","-2.6","H,,S","0.8",",,E","-5.2",",,E"
"RSM00027612","MOSCOW, RS","55.8331","37.6167","156.0","2019-02-28","0.5",",,E","259.0",",,S","0.7","H,,S","3.5",",,E","-2.1",",,E"
"RSM00027612","MOSCOW, RS","55.8331","37.6167","156.0","2019-03-01","2.9",",,E","259.0",",,S","-1.2","H,,S","1.9",",,E","-4.5",",,E"
"RSM00027612","MOSCOW, RS","55.8331","37.6167","156.0","2019-03-02","0.7",",,E","290.0",",,S","-7.3","H,,S","-3.3",",,E","-12.1",",,E"
"RSM00027612","MOSCOW, RS","55.8331","37.6167","156.0","2019-03-03","3.8",",,E","310.0",",,S","-4.8","H,,S","-1.1",",,E","-8.1",",,E"
"RSM00027612","MOSCOW, RS","55.8331","37.6167","156.0","2019-03-04","1.9",",,E","310.0",",,S","-2.7","H,,S","0.0",",,E","-10.2",",,E"
"RSM00027612","MOSCOW, RS","55.8331","37.6167","156.0","2019-03-05","6.7",",,E","290.0",",,S","3.2","H,,S","4.5",",,E","0.0",",,E"
"RSM00027612","MOSCOW, RS","55.8331","37.6167","156.0","2019-03-06","2.1",",,E","259.0",",,S","-3.5","H,,S","3.7",",,E","-6.4",",,E"
"RSM00027612","MOSCOW, RS","55.8331","37.6167","156.0","2019-03-07","0.0",",,E","249.0",",,S","-4.4","H,,S","0.3",",,E","-12.0",",,E"
"RSM00027612","MOSCOW, RS","55.8331","37.6167","156.0","2019-03-08","1.1",",,E","249.0",",,S","1.1","H,,S","3.1",",,E","-2.5",",,E"
"RSM00027612","MOSCOW, RS","55.8331","37.6167","156.0","2019-03-09","0.3",",,E","239.0",",,S","3.9","H,,S","6.5",",,E","2.1",",,E"
"RSM00027612","MOSCOW, RS","55.8331","37.6167","156.0","2019-03-10","1.2",",,E","221.0",",,S","2.5","H,,S","5.7",",,E","-1.0",",,E"
"RSM00027612","MOSCOW, RS","55.8331","37.6167","156.0","2019-03-11","2.4",",,E","211.0",",,S","1.6","H,,S","3.8",",,E","0.6",",,E"
"RSM00027612","MOSCOW, RS","55.8331","37.6167","156.0","2019-03-12","0.7",",,E","211.0",",,S","-1.3","H,,S","1.8",",,E","-3.6",",,E"
"RSM00027612","MOSCOW, RS","55.8331","37.6167","156.0","2019-03-13","1.5",",,E","231.0",",,S","-4.8","H,,S","-0.8",",,E","-6.3",",,E"
"RSM00027612","MOSCOW, RS","55.8331","37.6167","156.0","2019-03-14","0.0",",,E","231.0",",,S","-2.3","H,,S","3.3",",,E","-10.6",",,E"
"RSM00027612","MOSCOW, RS","55.8331","37.6167","156.0","2019-03-15","0.5",",,E","231.0",",,S","1.0","H,,S","5.0",",,E","-1.7",",,E"
"RSM00027612","MOSCOW, RS","55.8331","37.6167","156.0","2019-03-16","0.2",",,E","211.0",",,S","-0.8","H,,S","0.5",",,E","-2.2",",,E"
"RSM00027612","MOSCOW, RS","55.8331","37.6167","156.0","2019-03-17","0.0",",,E","211.0",",,S","1.1","H,,S","2.3",",,E","-0.5",",,E"
"RSM00027612","MOSCOW, RS","55.8331","37.6167","156.0","2019-03-18","0.0",",,E","201.0",",,S","3.7","H,,S","7.2",",,E","0.6",",,E"
"RSM00027612","MOSCOW, RS","55.8331","37.6167","156.0","2019-03-19","2.0",",,E","160.0",",,S","3.5","H,,S","4.5",",,E","2.1",",,E"
"RSM00027612","MOSCOW, RS","55.8331","37.6167","156.0","2019-03-20","0.0",",,E","130.0",",,S","3.3","H,,S","6.4",",,E","1.9",",,E"
"RSM00027612","MOSCOW, RS","55.8331","37.6167","156.0","2019-03-21","0.0",",,E","119.0",",,S","1.4","H,,S","3.6",",,E","-1.4",",,E"
"RSM00027612","MOSCOW, RS","55.8331","37.6167","156.0","2019-03-22","6.3",",,E","99.0",",,S","1.5","H,,S","2.5",",,E","0.4",",,E"
"RSM00027612","MOSCOW, RS","55.8331","37.6167","156.0","2019-03-23","0.6",",,E","99.0",",,S","1.9","H,,S","5.2",",,E","0.2",",,E"
"RSM00027612","MOSCOW, RS","55.8331","37.6167","156.0","2019-03-24","4.3",",,E","89.0",",,S","0.7","H,,S","2.3",",,E","-2.2",",,E"
"RSM00027612","MOSCOW, RS","55.8331","37.6167","156.0","2019-03-25","0.0",",,E","79.0",",,S","2.9","H,,S","7.3",",,E","-1.2",",,E"
"RSM00027612","MOSCOW, RS","55.8331","37.6167","156.0","2019-03-26","0.0",",,E","71.0",",,S","3.1","H,,S","7.8",",,E","-1.2",",,E"
"RSM00027612","MOSCOW, RS","55.8331","37.6167","156.0","2019-03-27","0.1",",,E","71.0",",,S","-0.1","H,,S","3.6",",,E","-3.2",",,E"
"RSM00027612","MOSCOW, RS","55.8331","37.6167","156.0","2019-03-28","0.0",",,E","61.0",",,S","0.7","H,,S","3.4",",,E","-1.6",",,E"
"RSM00027612","MOSCOW, RS","55.8331","37.6167","156.0","2019-03-29","1.3",",,E","51.0",",,S","1.7","H,,S","3.3",",,E","-0.5",",,E"
"RSM00027612","MOSCOW, RS","55.8331","37.6167","156.0","2019-03-30","0.0",",,E","30.0",",,S","5.7","H,,S","8.7",",,E","2.7",",,E"
"RSM00027612","MOSCOW, RS","55.8331","37.6167","156.0","2019-03-31","0.0",",,E","20.0",",,S","9.7","H,,S","14.7",",,E","3.6",",,E"
"RSM00027612","MOSCOW, RS","55.8331","37.6167","156.0","2019-04-01","0.5",",,E",,,"3.2","H,,S","12.1",",,E","1.3",",,E"
"RSM00027612","MOSCOW, RS","55.8331","37.6167","156.0","2019-04-02","0.0",",,E",,,"2.4","H,,S","7.6",",,E","-0.9",",,E"
"RSM00027612","MOSCOW, RS","55.8331","37.6167","156.0","2019-04-03","0.0",",,E",,,"4.1","H,,S","9.9",",,E","-3.1",",,E"
"RSM00027612","MOSCOW, RS","55.8331","37.6167","156.0","2019-04-04","0.0",",,E",,,"4.4","H,,S","10.7",",,E","-1.8",",,E"
"RSM00027612","MOSCOW, RS","55.8331","37.6167","156.0","2019-04-05","0.0",",,E",,,"4.1","H,,S","10.0",",,E","-2.4",",,E"
"RSM00027612","MOSCOW, RS","55.8331","37.6167","156.0","2019-04-06","0.4",",,E",,,"3.9","H,,S","9.0",",,E","2.5",",,E"
"RSM00027612","MOSCOW, RS","55.8331","37.6167","156.0","2019-04-07","0.0",",,E",,,"4.3","H,,S","9.7",",,E","-2.1",",,E"
"RSM00027612","MOSCOW, RS","55.8331","37.6167","156.0","2019-04-08","0.5",",,E",,,"7.4","H,,S","11.1",",,E","2.8",",,E"
"RSM00027612","MOSCOW, RS","55.8331","37.6167","156.0","2019-04-09","0.6",",,E",,,"12.1","H,,S","18.3",",,E","8.3",",,E"
"RSM00027612","MOSCOW, RS","55.8331","37.6167","156.0","2019-04-10","0.4",",,E",,,"7.3","H,,S","13.7",",,E","6.2",",,E"
"RSM00027612","MOSCOW, RS","55.8331","37.6167","156.0","2019-04-11","0.0",",,E",,,,,"11.4",",,E","-0.8",",,E"
"RSM00027612","MOSCOW, RS","55.8331","37.6167","156.0","2019-04-12","0.0",",,E",,,"3.5","H,,S","7.6",",,E","2.4",",,E"
"RSM00027612","MOSCOW, RS","55.8331","37.6167","156.0","2019-04-13","0.0",",,E",,,,,"7.4",",,E","0.7",",,E"
"RSM00027612","MOSCOW, RS","55.8331","37.6167","156.0","2019-04-14","3.2",",,E",,,,,"5.6",",,E","0.9",",,E"
"RSM00027612","MOSCOW, RS","55.8331","37.6167","156.0","2019-04-15","2.9",",,E",,,,,"13.0",",,E","0.6",",,E"
"RSM00027612","MOSCOW, RS","55.8331","37.6167","156.0","2019-04-16","0.0",",,E",,,,,"13.5",",,E","-0.4",",,E"
"RSM00027612","MOSCOW, RS","55.8331","37.6167","156.0","2019-04-17","0.0",",,E",,,,,"11.6",",,E","2.4",",,E"
"RSM00027612","MOSCOW, RS","55.8331","37.6167","156.0","2019-04-18","0.0",",,E",,,,,"11.1",",,E","0.5",",,E"
"RSM00027612","MOSCOW, RS","55.8331","37.6167","156.0","2019-04-19","0.0",",,E",,,,,"13.1",",,E","0.8",",,E"
"RSM00027612","MOSCOW, RS","55.8331","37.6167","156.0","2019-04-20","0.0",",,E",,,,,"13.1",",,E","1.5",",,E"
"RSM00027612","MOSCOW, RS","55.8331","37.6167","156.0","2019-04-21","0.0",",,E",,,,,"18.0",",,E","6.6",",,E"
"RSM00027612","MOSCOW, RS","55.8331","37.6167","156.0","2019-04-22","0.0",",,E",,,,,"18.8",",,E","3.1",",,E"
"RSM00027612","MOSCOW, RS","55.8331","37.6167","156.0","2019-04-23","0.0",",,E",,,,,"18.3",",,E","6.2",",,E"
"RSM00027612","MOSCOW, RS","55.8331","37.6167","156.0","2019-04-24","0.0",",,E",,,,,"22.7",",,E","7.0",",,E"
"RSM00027612","MOSCOW, RS","55.8331","37.6167","156.0","2019-04-25","0.0",",,E",,,,,"24.0",",,E","8.2",",,E"
"RSM00027612","MOSCOW, RS","55.8331","37.6167","156.0","2019-04-26","0.0",",,E",,,,,"23.2",",,E","10.1",",,E"
"RSM00027612","MOSCOW, RS","55.8331","37.6167","156.0","2019-04-27","0.0",",,E",,,,,"24.5",",,E","10.8",",,E"
"RSM00027612","MOSCOW, RS","55.8331","37.6167","156.0","2019-04-28","0.1",",,E",,,,,"17.0",",,E","6.0",",,E"
"RSM00027612","MOSCOW, RS","55.8331","37.6167","156.0","2019-04-29","0.0",",,E",,,,,"10.9",",,E","0.2",",,E"
"RSM00027612","MOSCOW, RS","55.8331","37.6167","156.0","2019-04-30","0.0",",,E",,,,,"13.6",",,E","1.4",",,E"
"RSM00027612","MOSCOW, RS","55.8331","37.6167","156.0","2019-05-01","0.0",",,E",,,,,"16.1",",,E","0.7",",,E"
"RSM00027612","MOSCOW, RS","55.8331","37.6167","156.0","2019-05-02","4.8",",,E",,,,,"12.7",",,E","5.6",",,E"
"RSM00027612","MOSCOW, RS","55.8331","37.6167","156.0","2019-05-03","1.0",",,E",,,,,"16.3",",,E","8.3",",,E"
"RSM00027612","MOSCOW, RS","55.8331","37.6167","156.0","2019-05-04","0.4",",,E",,,,,"15.4",",,E","5.5",",,E"
"RSM00027612","MOSCOW, RS","55.8331","37.6167","156.0","2019-05-05","2.7",",,E",,,,,"22.5",",,E","4.0",",,E"
"RSM00027612","MOSCOW, RS","55.8331","37.6167","156.0","2019-05-06","0.0",",,E",,,,,"24.6",",,E","8.7",",,E"
"RSM00027612","MOSCOW, RS","55.8331","37.6167","156.0","2019-05-07","0.0",",,E",,,,,"26.0",",,E","8.1",",,E"
"RSM00027612","MOSCOW, RS","55.8331","37.6167","156.0","2019-05-08","13.3",",,E",,,,,"23.6",",,E","12.0",",,E"
"RSM00027612","MOSCOW, RS","55.8331","37.6167","156.0","2019-05-09","10.4",",,E",,,,,"23.5",",,E","10.5",",,E"
"RSM00027612","MOSCOW, RS","55.8331","37.6167","156.0","2019-05-10","3.9",",,E",,,,,"26.1",",,E","14.5",",,E"
"RSM00027612","MOSCOW, RS","55.8331","37.6167","156.0","2019-05-11","0.5",",,E",,,,,"21.8",",,E","15.3",",,E"
"RSM00027612","MOSCOW, RS","55.8331","37.6167","156.0","2019-05-12","0.0",",,E",,,,,"22.7",",,E","9.6",",,E"
"RSM00027612","MOSCOW, RS","55.8331","37.6167","156.0","2019-05-13","1.3",",,E",,,,,"20.9",",,E","14.0",",,E"
"RSM00027612","MOSCOW, RS","55.8331","37.6167","156.0","2019-05-14","0.0",",,E",,,,,"19.5",",,E","13.6",",,E"
"RSM00027612","MOSCOW, RS","55.8331","37.6167","156.0","2019-05-15","9.1",",,E",,,,,"22.5",",,E","13.2",",,E"
"RSM00027612","MOSCOW, RS","55.8331","37.6167","156.0","2019-05-16","6.2",",,E",,,,,"18.4",",,E","9.0",",,E"
"RSM00027612","MOSCOW, RS","55.8331","37.6167","156.0","2019-05-17","0.0",",,E",,,,,"20.3",",,E","5.9",",,E"
"RSM00027612","MOSCOW, RS","55.8331","37.6167","156.0","2019-05-18","0.0",",,E",,,,,"20.9",",,E","8.1",",,E"
"RSM00027612","MOSCOW, RS","55.8331","37.6167","156.0","2019-05-19","0.0",",,E",,,,,"21.0",",,E","9.5",",,E"
"RSM00027612","MOSCOW, RS","55.8331","37.6167","156.0","2019-05-20","0.0",",,E",,,,,"22.5",",,E","6.6",",,E"
"RSM00027612","MOSCOW, RS","55.8331","37.6167","156.0","2019-05-21","0.0",",,E",,,,,"25.5",",,E","8.7",",,E"
"RSM00027612","MOSCOW, RS","55.8331","37.6167","156.0","2019-05-22","0.0",",,E",,,,,"26.4",",,E","13.6",",,E"
"RSM00027612","MOSCOW, RS","55.8331","37.6167","156.0","2019-05-23","0.8",",,E",,,,,"24.3",",,E","13.9",",,E"
"RSM00027612","MOSCOW, RS","55.8331","37.6167","156.0","2019-05-24","0.0",",,E",,,,,"17.5",",,E","8.9",",,E"
"RSM00027612","MOSCOW, RS","55.8331","37.6167","156.0","2019-05-25","0.3",",,E",,,,,"18.9",",,E","11.8",",,E"
"RSM00027612","MOSCOW, RS","55.8331","37.6167","156.0","2019-05-26","0.0",",,E",,,,,"23.6",",,E","14.3",",,E"
"RSM00027612","MOSCOW, RS","55.8331","37.6167","156.0","2019-05-27","0.0",",,E",,,,,"21.2",",,E","12.5",",,E"
"RSM00027612","MOSCOW, RS","55.8331","37.6167","156.0","2019-05-28","0.0",",,E",,,,,"28.4",",,E","15.9",",,E"
"RSM00027612","MOSCOW, RS","55.8331","37.6167","156.0","2019-05-29","0.0",",,E",,,"23.0","H,,S","29.4",",,E","18.4",",,E"
"RSM00027612","MOSCOW, RS","55.8331","37.6167","156.0","2019-05-30","1.3",",,E",,,,,"28.5",",,E","18.7",",,E"
"RSM00027612","MOSCOW, RS","55.8331","37.6167","156.0","2019-05-31","0.7",",,E",,,,,"23.8",",,E","15.2",",,E"
"RSM00027612","MOSCOW, RS","55.8331","37.6167","156.0","2019-06-01","0.0",",,E",,,,,"22.5",",,E","13.6",",,E"
"RSM00027612","MOSCOW, RS","55.8331","37.6167","156.0","2019-06-02","0.0",",,E",,,,,"26.0",",,E","9.7",",,E"
"RSM00027612","MOSCOW, RS","55.8331","37.6167","156.0","2019-06-03","0.0",",,E",,,,,"21.5",",,E","14.0",",,E"
"RSM00027612","MOSCOW, RS","55.8331","37.6167","156.0","2019-06-04","0.0",",,E",,,,,"24.3",",,E","8.3",",,E"
"RSM00027612","MOSCOW, RS","55.8331","37.6167","156.0","2019-06-05","0.0",",,E",,,,,"26.7",",,E","10.5",",,E"
"RSM00027612","MOSCOW, RS","55.8331","37.6167","156.0","2019-06-06","0.0",",,E",,,,,"29.3",",,E","12.6",",,E"
"RSM00027612","MOSCOW, RS","55.8331","37.6167","156.0","2019-06-07","0.0",",,E",,,,,"30.9",",,E","14.2",",,E"
"RSM00027612","MOSCOW, RS","55.8331","37.6167","156.0","2019-06-08","0.0",",,E",,,,,"30.9",",,E","16.8",",,E"
"RSM00027612","MOSCOW, RS","55.8331","37.6167","156.0","2019-06-09","0.0",",,E",,,,,"31.2",",,E","17.1",",,E"
"RSM00027612","MOSCOW, RS","55.8331","37.6167","156.0","2019-06-10","0.0",",,E",,,,,"27.1",",,E","18.1",",,E"
"RSM00027612","MOSCOW, RS","55.8331","37.6167","156.0","2019-06-11","0.0",",,E",,,,,"28.0",",,E","15.2",",,E"
"RSM00027612","MOSCOW, RS","55.8331","37.6167","156.0","2019-06-12","0.0",",,E",,,,,"24.4",",,E","14.7",",,E"
"RSM00027612","MOSCOW, RS","55.8331","37.6167","156.0","2019-06-13","0.0",",,E",,,,,"20.2",",,E","9.3",",,E"
"RSM00027612","MOSCOW, RS","55.8331","37.6167","156.0","2019-06-14","10.8",",,E",,,,,"21.2",",,E","10.5",",,E"
"RSM00027612","MOSCOW, RS","55.8331","37.6167","156.0","2019-06-15","0.0",",,E",,,,,"20.6",",,E","13.1",",,E"
"RSM00027612","MOSCOW, RS","55.8331","37.6167","156.0","2019-06-16","0.8",",,E",,,,,"22.1",",,E","12.8",",,E"
"RSM00027612","MOSCOW, RS","55.8331","37.6167","156.0","2019-06-17","0.0",",,E",,,,,"26.6",",,E","12.0",",,E"
"RSM00027612","MOSCOW, RS","55.8331","37.6167","156.0","2019-06-18","0.7",",,E",,,,,"26.2",",,E","17.6",",,E"
"RSM00027612","MOSCOW, RS","55.8331","37.6167","156.0","2019-06-19","0.0",",,E",,,,,"27.4",",,E","15.3",",,E"
"RSM00027612","MOSCOW, RS","55.8331","37.6167","156.0","2019-06-20","0.0",",,E",,,,,"30.0",",,E","16.7",",,E"
"RSM00027612","MOSCOW, RS","55.8331","37.6167","156.0","2019-06-21","0.0",",,E",,,,,"30.2",",,E","17.0",",,E"
"RSM00027612","MOSCOW, RS","55.8331","37.6167","156.0","2019-06-22","0.0",",,E",,,,,"30.7",",,E","20.0",",,E"
"RSM00027612","MOSCOW, RS","55.8331","37.6167","156.0","2019-06-23","0.0",",,E",,,,,"26.1",",,E","18.9",",,E"
"RSM00027612","MOSCOW, RS","55.8331","37.6167","156.0","2019-06-24","0.0",",,E",,,,,"24.8",",,E","16.4",",,E"
"RSM00027612","MOSCOW, RS","55.8331","37.6167","156.0","2019-06-25","0.0",",,E",,,,,"22.6",",,E","12.7",",,E"
"RSM00027612","MOSCOW, RS","55.8331","37.6167","156.0","2019-06-26","3.5",",,E",,,,,"22.0",",,E","13.6",",,E"
"RSM00027612","MOSCOW, RS","55.8331","37.6167","156.0","2019-06-27","17.0",",,E",,,,,"15.7",",,E","12.3",",,E"
"RSM00027612","MOSCOW, RS","55.8331","37.6167","156.0","2019-06-28","25.1",",,E",,,,,"14.8",",,E","10.7",",,E"
"RSM00027612","MOSCOW, RS","55.8331","37.6167","156.0","2019-06-29","4.7",",,E",,,,,"12.0",",,E","9.0",",,E"
"RSM00027612","MOSCOW, RS","55.8331","37.6167","156.0","2019-06-30","1.6",",,E",,,,,"20.5",",,E","9.2",",,E"
"RSM00027612","MOSCOW, RS","55.8331","37.6167","156.0","2019-07-13",,,,,"14.3","H,,S",,,"10.9",",,S"
"RSM00027612","MOSCOW, RS","55.8331","37.6167","156.0","2019-07-16",,,,,"16.2","H,,S",,,"10.9",",,S"
"RSM00027612","MOSCOW, RS","55.8331","37.6167","156.0","2019-07-18","9.9","B,,S",,,"17.6","H,,S",,,,
"RSM00027612","MOSCOW, RS","55.8331","37.6167","156.0","2019-07-19","8.9","B,,S",,,"15.6","H,,S",,,"12.0",",,S"
"RSM00027612","MOSCOW, RS","55.8331","37.6167","156.0","2019-07-20",,,,,"16.2","H,,S",,,"13.3",",,S"
"RSM00027612","MOSCOW, RS","55.8331","37.6167","156.0","2019-07-22",,,,,"17.9","H,,S",,,"12.8",",,S"
"RSM00027612","MOSCOW, RS","55.8331","37.6167","156.0","2019-08-18",,,,,"19.3","H,,S",,,,
"RSM00027612","MOSCOW, RS","55.8331","37.6167","156.0","2019-11-01",,,,,"0.1","H,,S",,,,
"RSM00027612","MOSCOW, RS","55.8331","37.6167","156.0","2019-11-02","0.5","B,,S","10.0",",,S","1.9","H,,S",,,"-0.1",",,S"
"RSM00027612","MOSCOW, RS","55.8331","37.6167","156.0","2019-11-03","3.0","B,,S",,,"2.8","H,,S",,,"1.7",",,S"
"RSM00027612","MOSCOW, RS","55.8331","37.6167","156.0","2019-11-04","0.5","B,,S",,,"7.1","H,,S",,,"3.3",",,S"
"RSM00027612","MOSCOW, RS","55.8331","37.6167","156.0","2019-11-05","5.1","B,,S",,,"10.5","H,,S","12.9",",,S","8.7",",,S"
"RSM00027612","MOSCOW, RS","55.8331","37.6167","156.0","2019-11-06","7.1","B,,S",,,"10.1","H,,S","11.1",",,S","9.4",",,S"
"RSM00027612","MOSCOW, RS","55.8331","37.6167","156.0","2019-11-07",,,,,"4.1","H,,S",,,"3.0",",,S"
"RSM00027612","MOSCOW, RS","55.8331","37.6167","156.0","2019-11-08","0.0","B,,S",,,"3.1","H,,S","4.2",",,S","1.9",",,S"
"RSM00027612","MOSCOW, RS","55.8331","37.6167","156.0","2019-11-09","0.0","B,,S",,,"2.7","H,,S",,,"1.8",",,S"
"RSM00027612","MOSCOW, RS","55.8331","37.6167","156.0","2019-11-10","0.3","B,,S",,,"7.4","H,,S","9.6",",,S","2.7",",,S"
"RSM00027612","MOSCOW, RS","55.8331","37.6167","156.0","2019-11-11","0.0","B,,S",,,"7.2","H,,S","8.9",",,S",,
"RSM00027612","MOSCOW, RS","55.8331","37.6167","156.0","2019-11-12","3.0","B,,S",,,"4.7","H,,S",,,,
"RSM00027612","MOSCOW, RS","55.8331","37.6167","156.0","2019-11-13","0.0","B,,S",,,"3.6","H,,S","5.3",",,S","2.1",",,S"
"RSM00027612","MOSCOW, RS","55.8331","37.6167","156.0","2019-11-14","0.0","B,,S",,,"3.7","H,,S","7.5",",,S","1.2",",,S"
"RSM00027612","MOSCOW, RS","55.8331","37.6167","156.0","2019-11-15","0.0","B,,S",,,"2.7","H,,S","6.2",",,S","0.7",",,S"
"RSM00027612","MOSCOW, RS","55.8331","37.6167","156.0","2019-11-16","0.0","B,,S",,,"2.9","H,,S",,,"0.9",",,S"
"RSM00027612","MOSCOW, RS","55.8331","37.6167","156.0","2019-11-17","0.0","B,,S",,,"5.3","H,,S","6.7",",,S","3.7",",,S"
"RSM00027612","MOSCOW, RS","55.8331","37.6167","156.0","2019-11-18","0.0","B,,S",,,"3.3","H,,S","4.3",",,S","2.1",",,S"
"RSM00027612","MOSCOW, RS","55.8331","37.6167","156.0","2019-11-19","0.0","B,,S",,,"3.2","H,,S",,,"1.8",",,S"
"RSM00027612","MOSCOW, RS","55.8331","37.6167","156.0","2019-11-20","0.0","B,,S",,,"0.9","H,,S",,,,
"RSM00027612","MOSCOW, RS","55.8331","37.6167","156.0","2019-11-21","0.0","B,,S",,,"-6.9","H,,S","-5.3",",,S","-8.5",",,S"
"RSM00027612","MOSCOW, RS","55.8331","37.6167","156.0","2019-11-22","0.0","B,,S",,,"-6.3","H,,S","-3.0",",,S","-10.7",",,S"
"RSM00027612","MOSCOW, RS","55.8331","37.6167","156.0","2019-11-23","0.0","B,,S",,,"-7.2","H,,S","-3.8",",,S","-11.2",",,S"
"RSM00027612","MOSCOW, RS","55.8331","37.6167","156.0","2019-11-24","0.0","B,,S",,,"-5.6","H,,S","-3.0",",,S","-8.1",",,S"
"RSM00027612","MOSCOW, RS","55.8331","37.6167","156.0","2019-11-25","0.0","B,,S",,,"-4.6","H,,S","-1.5",",,S",,
"RSM00027612","MOSCOW, RS","55.8331","37.6167","156.0","2019-11-26","0.0","B,,S",,,"-4.4","H,,S",,,"-10.2",",,S"
"RSM00027612","MOSCOW, RS","55.8331","37.6167","156.0","2019-11-27","0.0","B,,S",,,"-0.8","H,,S","-0.5",",,S","-1.3",",,S"
"RSM00027612","MOSCOW, RS","55.8331","37.6167","156.0","2019-11-28","0.3","B,,S","10.0",",,S","-0.8","H,,S","-0.1",",,S","-1.7",",,S"
"RSM00027612","MOSCOW, RS","55.8331","37.6167","156.0","2019-11-29","0.0","B,,S",,,"1.8","H,,S","2.8",",,S","-0.6",",,S"
"RSM00027612","MOSCOW, RS","55.8331","37.6167","156.0","2019-11-30","7.1","B,,S",,,"1.8","H,,S","3.5",",,S",,
"RSM00027612","MOSCOW, RS","55.8331","37.6167","156.0","2019-12-01","0.0","B,,S",,,"-2.7","H,,S","-1.7",",,S",,
"RSM00027612","MOSCOW, RS","55.8331","37.6167","156.0","2019-12-02","0.0","B,,S",,,"-3.4","H,,S","-2.2",",,S","-5.2",",,S"
"RSM00027612","MOSCOW, RS","55.8331","37.6167","156.0","2019-12-03","0.8","B,,S","10.0",",,S","-2.2","H,,S","-1.5",",,S","-2.9",",,S"
"RSM00027612","MOSCOW, RS","55.8331","37.6167","156.0","2019-12-04","4.1","B,,S","20.0",",,S","-1.7","H,,S","-0.8",",,S","-3.2",",,S"
"RSM00027612","MOSCOW, RS","55.8331","37.6167","156.0","2019-12-05","0.3","B,,S","41.0",",,S","1.8","H,,S","2.5",",,S","-1.3",",,S"
"RSM00027612","MOSCOW, RS","55.8331","37.6167","156.0","2019-12-06","0.8","B,,S",,,"1.6","H,,S","2.0",",,S","1.3",",,S"
"RSM00027612","MOSCOW, RS","55.8331","37.6167","156.0","2019-12-07","0.5","B,,S",,,"1.0","H,,S","1.9",",,S",,
"RSM00027612","MOSCOW, RS","55.8331","37.6167","156.0","2019-12-08","0.3","B,,S",,,"1.6","H,,S","3.0",",,S","-0.7",",,S"
"RSM00027612","MOSCOW, RS","55.8331","37.6167","156.0","2019-12-09","0.5","B,,S",,,"3.6","H,,S","4.4",",,S","2.2",",,S"
"RSM00027612","MOSCOW, RS","55.8331","37.6167","156.0","2019-12-10","0.5","B,,S",,,"3.4","H,,S","4.1",",,S",,
"RSM00027612","MOSCOW, RS","55.8331","37.6167","156.0","2019-12-11","0.0","B,,S",,,"1.7","H,,S","3.7",",,S",,
"RSM00027612","MOSCOW, RS","55.8331","37.6167","156.0","2019-12-12","0.0","B,,S",,,"1.9","H,,S","3.2",",,S","-0.2",",,S"
"RSM00027612","MOSCOW, RS","55.8331","37.6167","156.0","2019-12-13","0.0","B,,S",,,"0.9","H,,S",,,,
"RSM00027612","MOSCOW, RS","55.8331","37.6167","156.0","2019-12-14","0.5","B,,S","10.0",",,S","-0.3","H,,S","0.6",",,S",,
"RSM00027612","MOSCOW, RS","55.8331","37.6167","156.0","2019-12-15","1.5","B,,S","10.0",",,S","0.1","H,,S","1.8",",,S","-1.7",",,S"
"RSM00027612","MOSCOW, RS","55.8331","37.6167","156.0","2019-12-16","3.6","B,,S",,,"2.3","H,,S",,,"0.7",",,S"
"RSM00027612","MOSCOW, RS","55.8331","37.6167","156.0","2019-12-17","2.0","B,,S",,,"2.3","H,,S",,,"1.7",",,S"
"RSM00027612","MOSCOW, RS","55.8331","37.6167","156.0","2019-12-18","1.0","B,,S",,,"3.2","H,,S",,,"-1.2",",,S"
"RSM00027612","MOSCOW, RS","55.8331","37.6167","156.0","2019-12-19","0.0","B,,S",,,"4.2","H,,S",,,,
"RSM00027612","MOSCOW, RS","55.8331","37.6167","156.0","2019-12-20","0.0","B,,S",,,"0.6","H,,S","1.6",",,S","-0.2",",,S"
"RSM00027612","MOSCOW, RS","55.8331","37.6167","156.0","2019-12-21","0.0","B,,S",,,"1.6","H,,S","2.9",",,S","-1.0",",,S"
"RSM00027612","MOSCOW, RS","55.8331","37.6167","156.0","2019-12-22","0.0","B,,S",,,"2.6","H,,S","3.0",",,S","1.8",",,S"
"RSM00027612","MOSCOW, RS","55.8331","37.6167","156.0","2019-12-23","5.1","B,,S",,,"5.0","H,,S","6.2",",,S","2.6",",,S"
"RSM00027612","MOSCOW, RS","55.8331","37.6167","156.0","2019-12-24","3.0","B,,S",,,"4.1","H,,S","7.0",",,S",,
"RSM00027612","MOSCOW, RS","55.8331","37.6167","156.0","2019-12-25","0.0","B,,S",,,"0.4","H,,S","0.8",",,S",,
"RSM00027612","MOSCOW, RS","55.8331","37.6167","156.0","2019-12-26","0.0","B,,S",,,"-0.3","H,,S",,,,
"RSM00027612","MOSCOW, RS","55.8331","37.6167","156.0","2019-12-27","4.1","B,,S",,,"-0.8","H,,S","-0.2",",,S",,
"RSM00027612","MOSCOW, RS","55.8331","37.6167","156.0","2019-12-28","0.0","B,,S",,,"-1.5","H,,S","-0.1",",,S","-3.1",",,S"
"RSM00027612","MOSCOW, RS","55.8331","37.6167","156.0","2019-12-29","0.0","B,,S",,,"-3.6","H,,S",,,,
"RSM00027612","MOSCOW, RS","55.8331","37.6167","156.0","2019-12-30","3.0","B,,S","10.0",",,S","-2.5","H,,S",,,"-4.2",",,S"
"RSM00027612","MOSCOW, RS","55.8331","37.6167","156.0","2019-12-31","1.3","B,,S","20.0",",,S","1.2","H,,S","2.0",",,S","-0.6",",,S"
"RSM00027612","MOSCOW, RS","55.8331","37.6167","156.0","2020-01-01","1.0","B,,S","10.0",",,S","-1.0","H,,S",,,,
"RSM00027612","MOSCOW, RS","55.8331","37.6167","156.0","2020-01-02","3.0","B,,S","30.0",",,S","0.5","H,,S","1.7",",,S","-1.9",",,S"
"RSM00027612","MOSCOW, RS","55.8331","37.6167","156.0","2020-01-03","0.0","B,,S","20.0",",,S","0.9","H,,S","2.0",",,S",,
"RSM00027612","MOSCOW, RS","55.8331","37.6167","156.0","2020-01-04","2.0","B,,S",,,"-0.7","H,,S",,,"-1.3",",,S"
"RSM00027612","MOSCOW, RS","55.8331","37.6167","156.0","2020-01-05","0.0","B,,S","20.0",",,S","0.4","H,,S","1.3",",,S","-1.6",",,S"
"RSM00027612","MOSCOW, RS","55.8331","37.6167","156.0","2020-01-06","0.3","B,,S","20.0",",,S","-0.9","H,,S","-0.1",",,S",,
"RSM00027612","MOSCOW, RS","55.8331","37.6167","156.0","2020-01-07","0.0","B,,S","20.0",",,S","-1.3","H,,S",,,"-2.2",",,S"
"RSM00027612","MOSCOW, RS","55.8331","37.6167","156.0","2020-01-08","0.0","B,,S","20.0",",,S","0.4","H,,S","1.1",",,S","-0.8",",,S"
"RSM00027612","MOSCOW, RS","55.8331","37.6167","156.0","2020-01-09","3.3","B,,S","61.0",",,S","0.7","H,,S","2.2",",,S","-0.9",",,S"
"RSM00027612","MOSCOW, RS","55.8331","37.6167","156.0","2020-01-10","0.0","B,,S","41.0",",,S","0.9","H,,S","1.5",",,S",,
"RSM00027612","MOSCOW, RS","55.8331","37.6167","156.0","2020-01-11",,,"51.0",",,S","-0.6","H,,S",,,,
"RSM00027612","MOSCOW, RS","55.8331","37.6167","156.0","2020-01-12","0.0","B,,S","71.0",",,S","-2.0","H,,S","0.2",",,S","-6.0",",,S"
"RSM00027612","MOSCOW, RS","55.8331","37.6167","156.0","2020-01-13","3.6","B,,S","61.0",",,S","1.6","H,,S","2.5",",,S","-0.6",",,S"
"RSM00027612","MOSCOW, RS","55.8331","37.6167","156.0","2020-01-14","0.0","B,,S","41.0",",,S","0.4","H,,S","1.5",",,S",,
"RSM00027612","MOSCOW, RS","55.8331","37.6167","156.0","2020-01-15","0.0","B,,S","30.0",",,S","2.0","H,,S","2.9",",,S","-1.3",",,S"
"RSM00027612","MOSCOW, RS","55.8331","37.6167","156.0","2020-01-16","1.3","B,,S","20.0",",,S","2.9","H,,S","3.1",",,S","2.3",",,S"
"RSM00027612","MOSCOW, RS","55.8331","37.6167","156.0","2020-01-17","1.0","B,,S","10.0",",,S","3.3","H,,S","4.5",",,S","2.3",",,S"
"RSM00027612","MOSCOW, RS","55.8331","37.6167","156.0","2020-01-18","0.0","B,,S","10.0",",,S","0.9","H,,S",,,,
"RSM00027612","MOSCOW, RS","55.8331","37.6167","156.0","2020-01-19","0.0","B,,S",,,"-0.2","H,,S",,,"-1.5",",,S"
"RSM00027612","MOSCOW, RS","55.8331","37.6167","156.0","2020-01-20","0.0","B,,S",,,"1.9","H,,S","2.9",",,S","0.2",",,S"
"RSM00027612","MOSCOW, RS","55.8331","37.6167","156.0","2020-01-21","5.1","B,,S",,,"2.5","H,,S",,,"0.8",",,S"
"RSM00027612","MOSCOW, RS","55.8331","37.6167","156.0","2020-01-22","3.3","B,,S",,,"0.3","H,,S",,,,
"RSM00027612","MOSCOW, RS","55.8331","37.6167","156.0","2020-01-23","2.0","B,,S","61.0",",,S","-4.2","H,,S",,,,
"RSM00027612","MOSCOW, RS","55.8331","37.6167","156.0","2020-01-24","4.1","B,,S","51.0",",,S","-1.5","H,,S",,,"-6.8",",,S"
"RSM00027612","MOSCOW, RS","55.8331","37.6167","156.0","2020-01-25","5.1","B,,S","30.0",",,S","1.1","H,,S","2.3",",,S",,
"RSM00027612","MOSCOW, RS","55.8331","37.6167","156.0","2020-01-26","0.5","B,,S","30.0",",,S","-0.4","H,,S",,,"-1.6",",,S"
"RSM00027612","MOSCOW, RS","55.8331","37.6167","156.0","2020-01-27","2.0","B,,S","20.0",",,S","-1.1","H,,S",,,,
"RSM00027612","MOSCOW, RS","55.8331","37.6167","156.0","2020-01-28","6.1","B,,S","41.0",",,S","-4.5","H,,S",,,"-6.2",",,S"
"RSM00027612","MOSCOW, RS","55.8331","37.6167","156.0","2020-01-29","0.5","B,,S","79.0",",,S","0.2","H,,S","1.2",",,S","-3.5",",,S"
"RSM00027612","MOSCOW, RS","55.8331","37.6167","156.0","2020-01-30","5.1","B,,S","71.0",",,S","-0.3","H,,S",,,,
"RSM00027612","MOSCOW, RS","55.8331","37.6167","156.0","2020-01-31","0.5","B,,S","109.0",",,S","0.1","H,,S","1.8",",,S",,
"RSM00027612","MOSCOW, RS","55.8331","37.6167","156.0","2020-02-01","0.5","B,,S","109.0",",,S","-0.1","H,,S","2.2",",,S",,
"RSM00027612","MOSCOW, RS","55.8331","37.6167","156.0","2020-02-02","7.6","B,,S","99.0",",,S","0.7","H,,S",,,"-1.9",",,S"
"RSM00027612","MOSCOW, RS","55.8331","37.6167","156.0","2020-02-03","3.0","B,,S","71.0",",,S","1.6","H,,S",,,,
"RSM00027612","MOSCOW, RS","55.8331","37.6167","156.0","2020-02-04","0.8","B,,S","61.0",",,S","-1.4","H,,S","-0.7",",,S",,
"RSM00027612","MOSCOW, RS","55.8331","37.6167","156.0","2020-02-05","0.5","B,,S","71.0",",,S","-4.8","H,,S","-3.6",",,S",,
"RSM00027612","MOSCOW, RS","55.8331","37.6167","156.0","2020-02-06","3.3","B,,S","71.0",",,S","-5.0","H,,S","-1.7",",,S","-7.8",",,S"
"RSM00027612","MOSCOW, RS","55.8331","37.6167","156.0","2020-02-07","0.0","B,,S","79.0",",,S","-9.3","H,,S","-8.5",",,S",,
"RSM00027612","MOSCOW, RS","55.8331","37.6167","156.0","2020-02-08","0.0","B,,S","71.0",",,S","-10.9","H,,S","-6.6",",,S","-15.0",",,S"
"RSM00027612","MOSCOW, RS","55.8331","37.6167","156.0","2020-02-09","0.0","B,,S","61.0",",,S","-3.1","H,,S","-1.0",",,S","-11.3",",,S"
"RSM00027612","MOSCOW, RS","55.8331","37.6167","156.0","2020-02-10","0.0","B,,S","61.0",",,S","-0.3","H,,S","2.8",",,S","-2.0",",,S"
"RSM00027612","MOSCOW, RS","55.8331","37.6167","156.0","2020-02-11","6.1","B,,S","79.0",",,S","0.1","H,,S",,,"-1.4",",,S"
"RSM00027612","MOSCOW, RS","55.8331","37.6167","156.0","2020-02-12","1.0","B,,S","71.0",",,S","0.1","H,,S","1.7",",,S",,
"RSM00027612","MOSCOW, RS","55.8331","37.6167","156.0","2020-02-13","0.8","B,,S","79.0",",,S","-2.1","H,,S","-0.8",",,S","-3.1",",,S"
"RSM00027612","MOSCOW, RS","55.8331","37.6167","156.0","2020-02-14","1.8","B,,S","99.0",",,S","0.0","H,,S","2.5",",,S","-1.6",",,S"
"RSM00027612","MOSCOW, RS","55.8331","37.6167","156.0","2020-02-15","0.0","B,,S","89.0",",,S","-1.1","H,,S","2.2",",,S","-4.2",",,S"
"RSM00027612","MOSCOW, RS","55.8331","37.6167","156.0","2020-02-16","0.0","B,,S","89.0",",,S","0.6","H,,S","1.7",",,S","-2.9",",,S"
"RSM00027612","MOSCOW, RS","55.8331","37.6167","156.0","2020-02-17","0.5","B,,S","89.0",",,S","3.9","H,,S","5.7",",,S","1.4",",,S"
"RSM00027612","MOSCOW, RS","55.8331","37.6167","156.0","2020-02-18","0.0","B,,S","71.0",",,S","4.8","H,,S","6.0",",,S","3.8",",,S"
"RSM00027612","MOSCOW, RS","55.8331","37.6167","156.0","2020-02-19","0.0","B,,S","51.0",",,S","3.4","H,,S","4.7",",,S","2.9",",,S"
"RSM00027612","MOSCOW, RS","55.8331","37.6167","156.0","2020-02-20","0.0","B,,S","30.0",",,S","3.2","H,,S","7.7",",,S",,
"RSM00027612","MOSCOW, RS","55.8331","37.6167","156.0","2020-02-21","0.0","B,,S","20.0",",,S","2.6","H,,S","7.8",",,S","-2.7",",,S"
"RSM00027612","MOSCOW, RS","55.8331","37.6167","156.0","2020-02-22","0.0","B,,S","20.0",",,S","2.8","H,,S","6.7",",,S","-1.6",",,S"
"RSM00027612","MOSCOW, RS","55.8331","37.6167","156.0","2020-02-23","7.9","B,,S","51.0",",,S","1.6","H,,S","2.7",",,S","0.5",",,S"
"RSM00027612","MOSCOW, RS","55.8331","37.6167","156.0","2020-02-24","0.0","B,,S","30.0",",,S","2.3","H,,S","4.6",",,S",,
"RSM00027612","MOSCOW, RS","55.8331","37.6167","156.0","2020-02-25","0.0","B,,S","30.0",",,S","-0.3","H,,S","2.6",",,S",,
"RSM00027612","MOSCOW, RS","55.8331","37.6167","156.0","2020-02-26","3.0","B,,S","30.0",",,S","-0.2","H,,S","1.9",",,S","-5.4",",,S"
"RSM00027612","MOSCOW, RS","55.8331","37.6167","156.0","2020-02-27","2.0","B,,S","30.0",",,S","1.6","H,,S","3.1",",,S","-0.3",",,S"
"RSM00027612","MOSCOW, RS","55.8331","37.6167","156.0","2020-02-28","0.5","B,,S","30.0",",,S","1.1","H,,S","3.3",",,S","-0.6",",,S"
"RSM00027612","MOSCOW, RS","55.8331","37.6167","156.0","2020-02-29","0.8","B,,S","30.0",",,S","-0.7","H,,S","1.4",",,S",,
"RSM00027612","MOSCOW, RS","55.8331","37.6167","156.0","2020-03-01","0.0","B,,S","30.0",",,S","2.3","H,,S",,,"-3.3",",,S"
"RSM00027612","MOSCOW, RS","55.8331","37.6167","156.0","2020-03-02","7.1","B,,S","30.0",",,S","3.4","H,,S",,,"2.1",",,S"
"RSM00027612","MOSCOW, RS","55.8331","37.6167","156.0","2020-03-03","3.6","B,,S","10.0",",,S","3.5","H,,S","4.9",",,S","2.2",",,S"
"RSM00027612","MOSCOW, RS","55.8331","37.6167","156.0","2020-03-04","0.0","B,,S","10.0",",,S","4.6","H,,S","7.2",",,S","3.2",",,S"
"RSM00027612","MOSCOW, RS","55.8331","37.6167","156.0","2020-03-05","0.0","B,,S",,,"4.6","H,,S","7.6",",,S","2.4",",,S"
"RSM00027612","MOSCOW, RS","55.8331","37.6167","156.0","2020-03-06","1.0","B,,S",,,"5.1","H,,S","6.4",",,S","3.7",",,S"
"RSM00027612","MOSCOW, RS","55.8331","37.6167","156.0","2020-03-07","0.0","B,,S",,,"7.6","H,,S","12.0",",,S","5.5",",,S"
"RSM00027612","MOSCOW, RS","55.8331","37.6167","156.0","2020-03-08","2.3","B,,S",,,"5.9","H,,S","8.6",",,S",,
"RSM00027612","MOSCOW, RS","55.8331","37.6167","156.0","2020-03-09","0.0","B,,S",,,"7.1","H,,S","12.0",",,S","1.0",",,S"
"RSM00027612","MOSCOW, RS","55.8331","37.6167","156.0","2020-03-10","15.0","B,,S",,,"5.8","H,,S","8.2",",,S","4.3",",,S"
"RSM00027612","MOSCOW, RS","55.8331","37.6167","156.0","2020-03-11","0.8","B,,S",,,"6.3","H,,S","9.0",",,S","4.2",",,S"
"RSM00027612","MOSCOW, RS","55.8331","37.6167","156.0","2020-03-12","1.8","B,,S",,,"6.3","H,,S","9.1",",,S","4.2",",,S"
"RSM00027612","MOSCOW, RS","55.8331","37.6167","156.0","2020-03-13","3.8","B,,S",,,"4.3","H,,S",,,,
"RSM00027612","MOSCOW, RS","55.8331","37.6167","156.0","2020-03-14","1.5","B,,S",,,"0.8","H,,S","8.2",",,S",,
"RSM00027612","MOSCOW, RS","55.8331","37.6167","156.0","2020-03-15","8.4","B,,S","79.0",",,S","-4.5","H,,S","-2.0",",,S","-6.5",",,S"
"RSM00027612","MOSCOW, RS","55.8331","37.6167","156.0","2020-03-16","0.0","B,,S","61.0",",,S","0.5","H,,S","6.0",",,S","-8.7",",,S"
"RSM00027612","MOSCOW, RS","55.8331","37.6167","156.0","2020-03-17","0.0","B,,S","41.0",",,S","4.5","H,,S",,,"0.5",",,S"
"RSM00027612","MOSCOW, RS","55.8331","37.6167","156.0","2020-03-18","0.0","B,,S","10.0",",,S","6.7","H,,S","10.5",",,S","1.8",",,S"
"RSM00027612","MOSCOW, RS","55.8331","37.6167","156.0","2020-03-19","0.0","B,,S",,,"7.8","H,,S","11.0",",,S",,
"RSM00027612","MOSCOW, RS","55.8331","37.6167","156.0","2020-03-20","0.3","B,,S",,,"3.4","H,,S","5.8",",,S","1.4",",,S"
"RSM00027612","MOSCOW, RS","55.8331","37.6167","156.0","2020-03-21","0.0","B,,S",,,"-1.1","H,,S",,,,
"RSM00027612","MOSCOW, RS","55.8331","37.6167","156.0","2020-03-22","0.0","B,,S",,,"-2.7","H,,S","0.4",",,S","-5.4",",,S"
"RSM00027612","MOSCOW, RS","55.8331","37.6167","156.0","2020-03-23","0.0","B,,S",,,"-2.1","H,,S","1.6",",,S","-5.6",",,S"
"RSM00027612","MOSCOW, RS","55.8331","37.6167","156.0","2020-03-24","0.0","B,,S",,,"-0.7","H,,S","3.9",",,S","-4.6",",,S"
"RSM00027612","MOSCOW, RS","55.8331","37.6167","156.0","2020-03-25","0.0","B,,S",,,"4.6","H,,S","12.2",",,S","-2.6",",,S"
"RSM00027612","MOSCOW, RS","55.8331","37.6167","156.0","2020-03-26","0.0","B,,S",,,"7.4","H,,S","16.2",",,S","0.6",",,S"
"RSM00027612","MOSCOW, RS","55.8331","37.6167","156.0","2020-03-27","0.0","B,,S",,,"8.3","H,,S","15.5",",,S","0.8",",,S"
"RSM00027612","MOSCOW, RS","55.8331","37.6167","156.0","2020-03-28","0.0","B,,S",,,"10.0","H,,S","17.4",",,S","0.6",",,S"
"RSM00027612","MOSCOW, RS","55.8331","37.6167","156.0","2020-03-29","0.0","B,,S",,,"10.2","H,,S","17.4",",,S","2.5",",,S"
"RSM00027612","MOSCOW, RS","55.8331","37.6167","156.0","2020-03-30","1.0","B,,S",,,"-0.8","H,,S",,,,
"RSM00027612","MOSCOW, RS","55.8331","37.6167","156.0","2020-03-31","5.1","B,,S","30.0",",,S","-3.7","H,,S","-1.7",",,S",,
"RSM00027612","MOSCOW, RS","55.8331","37.6167","156.0","2020-04-01","0.3","B,,S","41.0",",,S","-0.6","H,,S","3.9",",,S","-7.6",",,S"
"RSM00027612","MOSCOW, RS","55.8331","37.6167","156.0","2020-04-02","0.5","B,,S","10.0",",,S","3.2","H,,S",,,"0.6",",,S"
"RSM00027612","MOSCOW, RS","55.8331","37.6167","156.0","2020-04-03","0.0","B,,S",,,"7.2","H,,S","10.5",",,S","3.5",",,S"
"RSM00027612","MOSCOW, RS","55.8331","37.6167","156.0","2020-04-04","1.0","B,,S",,,"4.2","H,,S","8.0",",,S",,
"RSM00027612","MOSCOW, RS","55.8331","37.6167","156.0","2020-04-05","0.0","B,,S",,,"2.1","H,,S","5.0",",,S","-1.7",",,S"
"RSM00027612","MOSCOW, RS","55.8331","37.6167","156.0","2020-05-27","0.8","B,,S",,,"13.8","H,,S","19.3",",,S","10.5",",,S"
"RSM00027612","MOSCOW, RS","55.8331","37.6167","156.0","2020-05-31","34.0","B,,S",,,"10.5","H,,S","12.1",",,S",,
"RSM00027612","MOSCOW, RS","55.8331","37.6167","156.0","2020-06-02","4.1","B,,S",,,"9.9","H,,S","10.5",",,S","9.1",",,S"
"RSM00027612","MOSCOW, RS","55.8331","37.6167","156.0","2020-06-03","13.0","B,,S",,,"11.8","H,,S","13.5",",,S","9.3",",,S"
"RSM00027612","MOSCOW, RS","55.8331","37.6167","156.0","2020-06-19","0.0","B,,S",,,"23.6","H,,S","29.6",",,S","18.3",",,S"
"RSM00027612","MOSCOW, RS","55.8331","37.6167","156.0","2020-06-21","29.0","B,,S",,,"15.0","H,,S","20.1",",,S","11.3",",,S"
"RSM00027612","MOSCOW, RS","55.8331","37.6167","156.0","2020-07-04","3.0","B,,S",,,"21.7","H,,S","25.8",",,S","17.5",",,S"
"RSM00027612","MOSCOW, RS","55.8331","37.6167","156.0","2020-07-14","14.0","B,,S",,,"16.6","H,,S","18.6",",,S","15.7",",,S"
"RSM00027612","MOSCOW, RS","55.8331","37.6167","156.0","2020-07-15","7.9","B,,S",,,"17.7","H,,S",,,"16.3",",,S"
"RSM00027612","MOSCOW, RS","55.8331","37.6167","156.0","2020-07-16","9.9","B,,S",,,"15.3","H,,S","17.3",",,S","14.8",",,S"
"RSM00027612","MOSCOW, RS","55.8331","37.6167","156.0","2020-07-29","4.8","B,,S",,,"21.2","H,,S","28.9",",,S","18.0",",,S"
